{
    "averge_document_length": {
        "stars": 2.659504132231405,
        "genres": 2.5421487603305786,
        "summaries": 3.4057851239669423
    },
    "document_count": 1210
}